<?xml version="1.0" encoding="UTF-8"?>
<GenRun Id="synth_1" LaunchPart="xc7z020clg484-1" LaunchTime="1506032257">
  <File Type="VDS-TIMING-PB" Name="myTopEntity_timing_summary_synth.pb"/>
  <File Type="VDS-TIMINGSUMMARY" Name="myTopEntity_timing_summary_synth.rpt"/>
  <File Type="RDS-RDS" Name="myTopEntity.vds"/>
  <File Type="PA-TCL" Name="myTopEntity.tcl"/>
  <File Type="RDS-PROPCONSTRS" Name="myTopEntity_drc_synth.rpt"/>
  <File Type="RDS-UTIL" Name="myTopEntity_utilization_synth.rpt"/>
  <File Type="RDS-UTIL-PB" Name="myTopEntity_utilization_synth.pb"/>
  <File Type="RDS-DCP" Name="myTopEntity.dcp"/>
  <FileSet Name="sources" Type="DesignSrcs" RelSrcDir="$PSRCDIR/sources_1">
    <Filter Type="Srcs"/>
    <File Path="$PSRCDIR/sources_1/imports/HierarchyTestSources/myTopEntity.vhd">
      <FileInfo>
        <Attr Name="ImportPath" Val="$PPRDIR/../project_8/project_8.srcs/sources_1/imports/HierarchyTestSources/myTopEntity.vhd"/>
        <Attr Name="ImportTime" Val="1505367501"/>
        <Attr Name="UsedIn" Val="synthesis"/>
        <Attr Name="UsedIn" Val="simulation"/>
      </FileInfo>
    </File>
    <Config>
      <Option Name="DesignMode" Val="RTL"/>
      <Option Name="TopModule" Val="myTopEntity"/>
      <Option Name="TopAutoSet" Val="TRUE"/>
    </Config>
  </FileSet>
  <FileSet Name="constrs_in" Type="Constrs" RelSrcDir="$PSRCDIR/constrs_1">
    <Filter Type="Constrs"/>
    <File Path="$PSRCDIR/constrs_1/imports/new/main.xdc">
      <FileInfo>
        <Attr Name="ImportPath" Val="$PPRDIR/../project_8/project_8.srcs/constrs_1/new/main.xdc"/>
        <Attr Name="ImportTime" Val="1506001989"/>
        <Attr Name="UsedIn" Val="synthesis"/>
        <Attr Name="UsedIn" Val="implementation"/>
      </FileInfo>
    </File>
    <Config>
      <Option Name="ConstrsType" Val="XDC"/>
    </Config>
  </FileSet>
  <Strategy Version="1" Minor="2">
    <StratHandle Name="Vivado Synthesis Defaults" Flow="Vivado Synthesis 2016">
      <Desc>Vivado Synthesis Defaults</Desc>
    </StratHandle>
    <Step Id="synth_design"/>
  </Strategy>
</GenRun>
