<?xml version="1.0" encoding="UTF-8"?>
<GenRun Id="prm_child_3_impl_1" LaunchPart="xc7z020clg484-1" LaunchConfig="prm_config_3" LaunchTime="1506032258">
  <File Type="BG-PARTITION-LTX" Name="triggercounter.ltx"/>
  <File Type="BG-PARTITION-LTX" Name="leddriver_blinkingLEDs.ltx"/>
  <File Type="BG-PARTITION-CELL-BIT" Name="triggercounter_partial.bit"/>
  <File Type="BG-PARTITION-CELL-BIT" Name="leddriver_blinkingLEDs_partial.bit"/>
  <File Type="ROUTE-PARTITION-CELL-DCP" Name="triggercounter_routed.dcp"/>
  <File Type="ROUTE-PARTITION-CELL-DCP" Name="leddriver_blinkingLEDs_routed.dcp"/>
  <File Type="WBT-USG" Name="usage_statistics_webtalk.html"/>
  <File Type="BG-DRC" Name="myTopEntity.drc"/>
  <File Type="BG-BGN" Name="myTopEntity.bgn"/>
  <File Type="BITSTR-SYSDEF" Name="myTopEntity.sysdef"/>
  <File Type="BITSTR-MMI" Name="myTopEntity.mmi"/>
  <File Type="BITSTR-BMM" Name="myTopEntity_bd.bmm"/>
  <File Type="BITSTR-NKY" Name="myTopEntity.nky"/>
  <File Type="BITSTR-RBT" Name="myTopEntity.rbt"/>
  <File Type="BITSTR-MSK" Name="myTopEntity.msk"/>
  <File Type="BG-BIN" Name="myTopEntity.bin"/>
  <File Type="BG-BIT" Name="myTopEntity.bit"/>
  <File Type="POSTROUTE-PHYSOPT-TIMING-RPX" Name="myTopEntity_timing_summary_postroute_physopted.rpx"/>
  <File Type="POSTROUTE-PHYSOPT-TIMING-PB" Name="myTopEntity_timing_summary_postroute_physopted.pb"/>
  <File Type="POSTROUTE-PHYSOPT-TIMING" Name="myTopEntity_timing_summary_postroute_physopted.rpt"/>
  <File Type="POSTROUTE-PHYSOPT-BLACKBOX-DCP" Name="myTopEntity_postroute_physopt_bb.dcp"/>
  <File Type="POSTROUTE-PHYSOPT-DCP" Name="myTopEntity_postroute_physopt.dcp"/>
  <File Type="ROUTE-CLK" Name="myTopEntity_clock_utilization_routed.rpt"/>
  <File Type="ROUTE-SIMILARITY" Name="myTopEntity_incremental_reuse_routed.rpt"/>
  <File Type="ROUTE-TIMING-RPX" Name="myTopEntity_timing_summary_routed.rpx"/>
  <File Type="ROUTE-TIMING-PB" Name="myTopEntity_timing_summary_routed.pb"/>
  <File Type="ROUTE-TIMINGSUMMARY" Name="myTopEntity_timing_summary_routed.rpt"/>
  <File Type="ROUTE-STATUS-PB" Name="myTopEntity_route_status.pb"/>
  <File Type="ROUTE-STATUS" Name="myTopEntity_route_status.rpt"/>
  <File Type="PLACE-CTRL" Name="myTopEntity_control_sets_placed.rpt"/>
  <File Type="PLACE-IO" Name="myTopEntity_io_placed.rpt"/>
  <File Type="PWROPT-TIMING" Name="myTopEntity_timing_summary_pwropted.rpt"/>
  <File Type="PLACE-DCP" Name="myTopEntity_placed.dcp"/>
  <File Type="PLACE-UTIL-PB" Name="myTopEntity_utilization_placed.pb"/>
  <File Type="PHYSOPT-TIMING" Name="myTopEntity_timing_summary_physopted.rpt"/>
  <File Type="PWROPT-DRC" Name="myTopEntity_drc_pwropted.rpt"/>
  <File Type="PWROPT-DCP" Name="myTopEntity_pwropt.dcp"/>
  <File Type="PLACE-UTIL" Name="myTopEntity_utilization_placed.rpt"/>
  <File Type="POSTPLACE-PWROPT-TIMING" Name="myTopEntity_timing_summary_postplace_pwropted.rpt"/>
  <File Type="OPT-TIMING" Name="myTopEntity_timing_summary_opted.rpt"/>
  <File Type="OPT-HWDEF" Name="myTopEntity.hwdef"/>
  <File Type="PLACE-CLK" Name="myTopEntity_clock_utilization_placed.rpt"/>
  <File Type="RDI-RDI" Name="myTopEntity.vdi"/>
  <File Type="PLACE-TIMING" Name="myTopEntity_timing_summary_placed.rpt"/>
  <File Type="INIT-TIMING" Name="myTopEntity_timing_summary_init.rpt"/>
  <File Type="OPT-DRC" Name="myTopEntity_drc_opted.rpt"/>
  <File Type="OPT-DCP" Name="myTopEntity_opt.dcp"/>
  <File Type="OPT-METHODOLOGY-DRC" Name="myTopEntity_methodology_drc_opted.rpt"/>
  <File Type="PLACE-PRE-SIMILARITY" Name="myTopEntity_incremental_reuse_pre_placed.rpt"/>
  <File Type="PLACE-SIMILARITY" Name="myTopEntity_incremental_reuse_placed.rpt"/>
  <File Type="PA-TCL" Name="myTopEntity.tcl"/>
  <File Type="POSTPLACE-PWROPT-DCP" Name="myTopEntity_postplace_pwropt.dcp"/>
  <File Type="PHYSOPT-DCP" Name="myTopEntity_physopt.dcp"/>
  <File Type="PHYSOPT-DRC" Name="myTopEntity_drc_physopted.rpt"/>
  <File Type="ROUTE-ERROR-DCP" Name="myTopEntity_routed_error.dcp"/>
  <File Type="ROUTE-DCP" Name="myTopEntity_routed.dcp"/>
  <File Type="ROUTE-BLACKBOX-DCP" Name="myTopEntity_routed_bb.dcp"/>
  <File Type="ROUTE-DRC" Name="myTopEntity_drc_routed.rpt"/>
  <File Type="ROUTE-METHODOLOGY-DRC" Name="myTopEntity_methodology_drc_routed.rpt"/>
  <File Type="ROUTE-DRC-PB" Name="myTopEntity_drc_routed.pb"/>
  <File Type="ROUTE-METHODOLOGY-DRC-PB" Name="myTopEntity_methodology_drc_routed.pb"/>
  <File Type="ROUTE-DRC-RPX" Name="myTopEntity_drc_routed.rpx"/>
  <File Type="ROUTE-PWR" Name="myTopEntity_power_routed.rpt"/>
  <File Type="ROUTE-METHODOLOGY-DRC-RPX" Name="myTopEntity_methodology_drc_routed.rpx"/>
  <File Type="ROUTE-PWR-SUM" Name="myTopEntity_power_summary_routed.pb"/>
  <File Type="ROUTE-PWR-RPX" Name="myTopEntity_power_routed.rpx"/>
  <FileSet Name="sources" Type="DesignSrcs" RelSrcDir="$PSRCDIR/sources_1">
    <Filter Type="Srcs"/>
    <File Path="$PSRCDIR/sources_1/imports/HierarchyTestSources/myTopEntity.vhd">
      <FileInfo>
        <Attr Name="ImportPath" Val="$PPRDIR/../project_8/project_8.srcs/sources_1/imports/HierarchyTestSources/myTopEntity.vhd"/>
        <Attr Name="ImportTime" Val="1505367501"/>
        <Attr Name="UsedIn" Val="synthesis"/>
        <Attr Name="UsedIn" Val="simulation"/>
      </FileInfo>
    </File>
    <Config>
      <Option Name="DesignMode" Val="RTL"/>
      <Option Name="TopModule" Val="myTopEntity"/>
      <Option Name="TopAutoSet" Val="TRUE"/>
    </Config>
  </FileSet>
  <FileSet Name="constrs_in" Type="Constrs" RelSrcDir="$PSRCDIR/constrs_1">
    <Filter Type="Constrs"/>
    <File Path="$PSRCDIR/constrs_1/imports/new/main.xdc">
      <FileInfo>
        <Attr Name="ImportPath" Val="$PPRDIR/../project_8/project_8.srcs/constrs_1/new/main.xdc"/>
        <Attr Name="ImportTime" Val="1506001989"/>
        <Attr Name="UsedIn" Val="synthesis"/>
        <Attr Name="UsedIn" Val="implementation"/>
      </FileInfo>
    </File>
    <Config>
      <Option Name="ConstrsType" Val="XDC"/>
    </Config>
  </FileSet>
  <Strategy Version="1" Minor="2">
    <StratHandle Name="Vivado Implementation Defaults" Flow="Vivado Implementation 2016">
      <Desc>Default settings for Implementation.</Desc>
    </StratHandle>
    <Step Id="init_design"/>
    <Step Id="opt_design"/>
    <Step Id="power_opt_design"/>
    <Step Id="place_design"/>
    <Step Id="post_place_power_opt_design"/>
    <Step Id="phys_opt_design"/>
    <Step Id="route_design"/>
    <Step Id="post_route_phys_opt_design"/>
    <Step Id="write_bitstream"/>
  </Strategy>
  <BlockFileSet Type="BlockSrcs" Name="blinkingLEDs"/>
</GenRun>
