<?xml version="1.0"?>
<Runs Version="1" Minor="0">
	<Run Id="rshiftLEDs_synth_1" LaunchDir="/vol/fob-vol6/mi13/diedricm/prMagic_tutorial_project/prMagic_tutorial_project.runs/rshiftLEDs_synth_1" FlowId="Vivado_Synthesis" FromStepId="vivado" ToStepId="vivado"/>
	<Run Id="lshiftLEDs_synth_1" LaunchDir="/vol/fob-vol6/mi13/diedricm/prMagic_tutorial_project/prMagic_tutorial_project.runs/lshiftLEDs_synth_1" FlowId="Vivado_Synthesis" FromStepId="vivado" ToStepId="vivado"/>
	<Run Id="blinkingLEDs_synth_1" LaunchDir="/vol/fob-vol6/mi13/diedricm/prMagic_tutorial_project/prMagic_tutorial_project.runs/blinkingLEDs_synth_1" FlowId="Vivado_Synthesis" FromStepId="vivado" ToStepId="vivado"/>
	<Run Id="upcounter_synth_1" LaunchDir="/vol/fob-vol6/mi13/diedricm/prMagic_tutorial_project/prMagic_tutorial_project.runs/upcounter_synth_1" FlowId="Vivado_Synthesis" FromStepId="vivado" ToStepId="vivado"/>
	<Run Id="downcounter_synth_1" LaunchDir="/vol/fob-vol6/mi13/diedricm/prMagic_tutorial_project/prMagic_tutorial_project.runs/downcounter_synth_1" FlowId="Vivado_Synthesis" FromStepId="vivado" ToStepId="vivado"/>
	<Run Id="synth_1" LaunchDir="/vol/fob-vol6/mi13/diedricm/prMagic_tutorial_project/prMagic_tutorial_project.runs/synth_1" FlowId="Vivado_Synthesis" FromStepId="vivado" ToStepId="vivado">
		<Parent Id="rshiftLEDs_synth_1"/>
		<Parent Id="lshiftLEDs_synth_1"/>
		<Parent Id="blinkingLEDs_synth_1"/>
		<Parent Id="upcounter_synth_1"/>
		<Parent Id="downcounter_synth_1"/>
	</Run>
	<Run Id="impl_1" LaunchDir="/vol/fob-vol6/mi13/diedricm/prMagic_tutorial_project/prMagic_tutorial_project.runs/impl_1" FlowId="Vivado_Implementation" FromStepId="init_design" ToStepId="write_bitstream">
		<Parent Id="synth_1"/>
		<Parent Id="rshiftLEDs_synth_1"/>
		<Parent Id="lshiftLEDs_synth_1"/>
		<Parent Id="blinkingLEDs_synth_1"/>
		<Parent Id="upcounter_synth_1"/>
		<Parent Id="downcounter_synth_1"/>
	</Run>
	<Run Id="prm_child_2_impl_1" LaunchDir="/vol/fob-vol6/mi13/diedricm/prMagic_tutorial_project/prMagic_tutorial_project.runs/prm_child_2_impl_1" FlowId="Vivado_Implementation" FromStepId="init_design" ToStepId="write_bitstream">
		<Parent Id="impl_1"/>
		<Parent Id="rshiftLEDs_synth_1"/>
		<Parent Id="lshiftLEDs_synth_1"/>
		<Parent Id="blinkingLEDs_synth_1"/>
		<Parent Id="upcounter_synth_1"/>
		<Parent Id="downcounter_synth_1"/>
	</Run>
	<Run Id="prm_child_3_impl_1" LaunchDir="/vol/fob-vol6/mi13/diedricm/prMagic_tutorial_project/prMagic_tutorial_project.runs/prm_child_3_impl_1" FlowId="Vivado_Implementation" FromStepId="init_design" ToStepId="write_bitstream">
		<Parent Id="impl_1"/>
		<Parent Id="rshiftLEDs_synth_1"/>
		<Parent Id="lshiftLEDs_synth_1"/>
		<Parent Id="blinkingLEDs_synth_1"/>
		<Parent Id="upcounter_synth_1"/>
		<Parent Id="downcounter_synth_1"/>
	</Run>
</Runs>

