<?xml version="1.0" encoding="UTF-8"?>
<GenRun Id="upcounter_synth_1" LaunchPart="xc7z020clg484-1" LaunchTime="1506032257">
  <File Type="VDS-TIMING-PB" Name="upcounter_timing_summary_synth.pb"/>
  <File Type="VDS-TIMINGSUMMARY" Name="upcounter_timing_summary_synth.rpt"/>
  <File Type="RDS-RDS" Name="upcounter.vds"/>
  <File Type="PA-TCL" Name="upcounter.tcl"/>
  <File Type="RDS-PROPCONSTRS" Name="upcounter_drc_synth.rpt"/>
  <File Type="RDS-UTIL" Name="upcounter_utilization_synth.rpt"/>
  <File Type="RDS-UTIL-PB" Name="upcounter_utilization_synth.pb"/>
  <File Type="RDS-DCP" Name="upcounter.dcp"/>
  <FileSet Name="sources" Type="BlockSrcs" RelSrcDir="$PSRCDIR/upcounter">
    <File Path="$PSRCDIR/sources_1/imports/HierarchyTestSources/upcounter.vhd">
      <FileInfo>
        <Attr Name="ImportPath" Val="$PPRDIR/../project_8/project_8.srcs/sources_1/imports/HierarchyTestSources/upcounter.vhd"/>
        <Attr Name="ImportTime" Val="1505363940"/>
        <Attr Name="UsedIn" Val="synthesis"/>
        <Attr Name="UsedIn" Val="simulation"/>
      </FileInfo>
    </File>
    <Config>
      <Option Name="TopModule" Val="upcounter"/>
      <Option Name="TopRTLFile" Val="$PSRCDIR/sources_1/imports/HierarchyTestSources/upcounter.vhd"/>
      <Option Name="UseBlackboxStub" Val="1"/>
    </Config>
  </FileSet>
  <FileSet Name="constrs_in" Type="BlockSrcs" RelSrcDir="$PSRCDIR/upcounter">
    <File Path="$PSRCDIR/sources_1/imports/HierarchyTestSources/upcounter.vhd">
      <FileInfo>
        <Attr Name="ImportPath" Val="$PPRDIR/../project_8/project_8.srcs/sources_1/imports/HierarchyTestSources/upcounter.vhd"/>
        <Attr Name="ImportTime" Val="1505363940"/>
        <Attr Name="UsedIn" Val="synthesis"/>
        <Attr Name="UsedIn" Val="simulation"/>
      </FileInfo>
    </File>
    <Config>
      <Option Name="TopModule" Val="upcounter"/>
      <Option Name="TopRTLFile" Val="$PSRCDIR/sources_1/imports/HierarchyTestSources/upcounter.vhd"/>
      <Option Name="UseBlackboxStub" Val="1"/>
    </Config>
  </FileSet>
  <Strategy Version="1" Minor="2">
    <StratHandle Name="Vivado Synthesis Defaults" Flow="Vivado Synthesis 2016">
      <Desc>Vivado Synthesis Defaults</Desc>
    </StratHandle>
    <Step Id="synth_design"/>
  </Strategy>
</GenRun>
